person_name,user_name,email,personal_number,birth_date,address,phone,mac_address,ip_address,iban,accessed_at,session_duration,download_speed,upload_speed,consumed_traffic,unique_id
Costache Dima,costachedima,costachedima@email.ro,2260915133704,1961-08-30,"Intrarea Florea Nr. 682 Bl. 50  Sc. 17 Ap. 393, Cernavoda, 389586",0786 645 539,38:f9:7c:b3:d5:88,63.138.125.200,RO16EZML5644748904109718,2024-09-14 12:04:17,31554,750,40,166472,ad83e50d-da9c-44b2-9019-59a2efa4d812
Leontin Suciu,leontinsuciu,leontinsuciu@zzup.ro,4091201412925,1923-07-22,"Aleea Ionescu Nr. 851, Curtici, 748095",0249 724 717,30:ce:40:64:e7:d6,179.7.205.239,RO88GWZN0391548765252667,2024-09-14 12:04:17,1760,993,384,730959,547f539e-f329-4aa5-ac1d-f5bf799a854e
Hortensia Dinu,hortensiadinu,hortensiadinu@gmail.com,5670312458954,1997-07-18,"Bulevardul Draga Tudor Nr. 320, Deta, 859844",0235 995 283,ea:7d:67:83:34:b5,192.85.68.69,RO62YBAC6429124581112737,2024-09-14 12:04:17,10360,723,623,506786,960b85a2-b3b0-4647-83f1-dc89d68e1e68
Estera Dinu,esteradinu,esteradinu@gmail.com,5390708341282,1980-10-10,"Drumul Elena Tomescu, Valea lui Mihai, 716787",0752 204 232,7c:f0:27:e2:97:c3,57.86.255.19,RO94IDED0818915256267146,2024-09-14 12:04:17,22904,263,18,1969002,0de3c7e8-e556-43d6-be5e-690d4bfa072d
Angel Mocanu,angelmocanu,angelmocanu@kappa.ro,5780220413287,2018-01-22,"Soseaua Petruța Mazilescu Nr. 997 Bl. 47  Sc. 67 Ap. 192, Rosiori de Vede, 703435",0262 087 917,aa:f2:25:8e:0b:3c,145.238.137.192,RO93IGRS2089806011774617,2024-09-14 12:04:17,13132,393,215,534161,a0e9a93f-985d-4571-9895-c82b8ef10399
Adelin Toma,adelintoma,adelintoma@zzup.ro,4290615231729,1961-10-10,"Soseaua Florea Nr. 36 Bl. 12  Sc. 49 Ap. 560, Pancota, 388654",0747 516 510,28:55:2a:67:d4:17,131.175.153.153,RO59ROZO5761051469355534,2024-09-14 12:04:17,714,741,659,1142718,8d95f2fe-132b-44c7-8f1f-a077a46f7733
Alida Niță,alidaniță,alidaniță@kappa.ro,3050130072546,2016-06-15,"Drumul Pop, Tarnaveni, 724172",0786 974 715,0a:e6:57:91:94:2c,16.33.10.3,RO08RXOV7307841406061821,2024-09-14 12:04:17,8528,583,198,824963,f8d1c28e-ecfc-4bd4-a04a-453eca7c8e61
Veniamin Cristea,veniamincristea,veniamincristea@acasa.ro,1300327184432,2001-04-09,"Intrarea Suciu, Fagetel (Remetea), 178310",0750 747 457,74:14:2b:fe:e4:15,177.132.154.154,RO93FEEZ7957423185294642,2024-09-14 12:04:17,11963,318,343,1244278,53e33399-3e0d-4df3-9fe1-c50836ba3b11
Filofteia Mocanu,filofteiamocanu,filofteiamocanu@acasa.ro,6930722026051,1952-01-30,"Strada Preda Nr. 209 Bl. 90  Sc. 92 Ap. 164, Reghin, 408220",0246 119 367,a8:45:42:b8:2d:3c,11.220.114.107,RO92FYOW6960186702996142,2024-09-14 12:04:17,35574,146,513,1950869,7a948d51-31bf-40d3-8e01-3418603dcd6b
Filip Popescu,filippopescu,filippopescu@zzup.ro,2480223341962,1960-07-07,"Aleea Voinea Nr. 12, Negresti, 636201",0267 707 463,06:5e:53:5b:19:dc,144.56.65.51,RO66CBRB3759007787540209,2024-09-14 12:04:17,4909,678,797,193999,de0b2b71-328a-4742-9075-aff4afaf6113
Lidia Tabacu,lidiatabacu,lidiatabacu@post.ro,4040429287342,2008-09-25,"Soseaua Eftimie Nr. 384 Bl. 85  Sc. 99 Ap. 199, Odobesti, 839806",0762 312 600,bc:7a:e0:45:30:51,151.192.188.216,RO98HDFE0185925104427880,2024-09-14 12:04:17,6301,557,479,1329226,a7389f87-2fd6-428e-ab39-e915cdf79a19
Olga Ioniță,olgaioniță,olgaioniță@post.ro,6821105380922,1922-12-05,"Bulevardul Manole, Cudalbi, 301908",0732 210 295,3c:a9:52:9f:6f:61,143.29.188.243,RO22PUKB3424532926040456,2024-09-14 12:04:17,13398,100,560,1391659,2921fdff-8189-43a8-bf0c-c0e97bb699e3
Cleopatra Georgescu,cleopatrageorgescu,cleopatrageorgescu@email.ro,6270505196127,1926-06-25,"Bulevardul Alina Eftimie, Alesd, 264475",0771 306 688,a6:32:7f:e7:05:d1,202.40.215.26,RO80ZEJK7984639469673386,2024-09-14 12:04:17,30869,66,289,30285,dccfe927-6b82-40a2-b6ed-556f2ac75524
Avram Pușcașu,avrampușcașu,avrampușcașu@141.ro,8261006418434,1963-09-15,"Bulevardul Tomescu, Fetesti-Gara, 868878",0734 753 167,54:59:de:27:bf:2e,221.32.251.188,RO43WYHF5734406830014232,2024-09-14 12:04:17,35932,566,752,1373802,e6890b8d-5b28-4612-b10b-1d031c3074f9
Zenovia Oprea,zenoviaoprea,zenoviaoprea@email.ro,6060128404416,1919-01-07,"Drumul Dobre Nr. 182, Campulung, 450194",0240 654 938,3c:95:56:72:06:f1,101.12.235.242,RO70OYEO7703001502711600,2024-09-14 12:04:17,20862,602,563,1911156,073d568a-6353-455c-a2c2-3de00ba86f2d
Aurelian Niță,aurelianniță,aurelianniță@post.ro,6550624190421,1917-02-28,"Strada Preda Nr. 94 Bl. 48  Sc. 31 Ap. 268, Petrosani, 797186",0745 641 263,2e:8c:b5:3b:75:33,158.30.78.168,RO48ARPR0602001806684308,2024-09-14 12:04:17,9346,802,680,1255094,d77e4dbb-6cd6-4b71-a512-5208ab552f1b
Olimpia Dima,olimpiadima,olimpiadima@email.ro,8350931238774,1923-04-01,"Bulevardul Nistor Nr. 801 Bl. 94  Sc. 41 Ap. 381, Teius, 203605",0237 552 815,50:01:90:f4:32:f1,163.8.51.113,RO54FECS3069241555441882,2024-09-14 12:04:17,5170,330,642,645907,e0984b89-08a1-4fe0-abb7-653ddf05742a
Iolanda Dinu,iolandadinu,iolandadinu@141.ro,6370207513755,1952-05-10,"Aleea Voinea Nr. 717, Ineu, 904058",0756 096 737,64:a2:ec:5d:fc:c6,41.73.177.65,RO22ODEK6208175552854479,2024-09-14 12:04:17,19085,576,680,1186428,bb9284a8-d101-488f-9b60-558599084d90
Eftimia Dinu,eftimiadinu,eftimiadinu@kappa.ro,8340802204163,2006-10-26,"Aleea Popa Nr. 800 Bl. 13  Sc. 45 Ap. 780, Cajvana, 643628",0729 505 316,30:10:f2:7f:c4:ce,91.66.195.10,RO66UHKQ8944027842688394,2024-09-14 12:04:17,22844,862,586,1947613,04d84197-41f7-4aa8-a3d2-0108f8658af3
Francisc Dinu,franciscdinu,franciscdinu@email.ro,3740916016911,1913-01-12,"Strada Albu Nr. 298 Bl. 74  Sc. 30 Ap. 561, Sadova, 542812",0257 567 953,34:d1:c4:04:32:e6,147.204.127.56,RO36KSBO4946977989697446,2024-09-14 12:04:17,14842,426,398,76486,757d6c05-3f28-4216-8a8a-1e4c58445a2b
Achim Preda,achimpreda,achimpreda@post.ro,3510712243841,1992-02-22,"Aleea Diaconu Nr. 274, Vlahita, 991827",0741 826 507,86:00:dd:75:78:45,17.93.246.70,RO49VKJX1206704663159091,2024-09-14 12:04:17,29044,38,297,1414254,ded9ff13-a4e4-4d11-a768-6f77530900a8
Anaida Toma,anaidatoma,anaidatoma@zzup.ro,7950221186399,1975-09-22,"Intrarea Manole Nr. 524 Bl. 78  Sc. 43 Ap. 534, Valea Mare (Negresti), 937818",0237 325 301,6a:54:63:25:2b:fe,188.66.54.129,RO81MQYO2613126853099563,2024-09-14 12:04:17,25271,197,617,645795,4429270a-630d-4e5d-88b6-a752b6b868da
Eugenia Nistor,eugenianistor,eugenianistor@141.ro,3740912381828,1916-12-01,"Aleea Tabacu Nr. 832, Tasnad, 790116",0731 027 058,12:b0:e9:f3:ab:2b,100.38.108.90,RO49AWAA1077007553154800,2024-09-14 12:04:17,5875,451,655,1595353,91daeb0f-ed9f-4c56-8185-55c496d4373f
Manole Marin,manolemarin,manolemarin@141.ro,7320408084094,1947-09-23,"Bulevardul Anda Ardelean, Petrosani, 879539",0247 035 364,44:f9:ff:69:3c:f3,184.7.31.247,RO62BENR1483106177266521,2024-09-14 12:04:17,26596,266,665,6291,01142111-220e-476a-b149-9c7a881048f4
Blanduzia Toma,blanduziatoma,blanduziatoma@zzup.ro,2810729293186,1974-06-22,"Aleea Nicuță Tabacu Nr. 48 Bl. 50  Sc. 14 Ap. 519, Ruscova, 702661",0231 033 110,be:92:07:b3:fe:d2,223.87.27.164,RO43QKVE6562053397101370,2024-09-14 12:04:17,1600,998,173,1446769,94ff6227-531e-4c8c-a489-0020b467eba3
Luminița Ene,luminițaene,luminițaene@email.ro,5200230419341,1955-12-24,"Aleea Pușcașu Nr. 57 Bl. 23  Sc. 55 Ap. 252, Modelu, 314540",0752 012 076,8e:c2:0c:02:44:02,204.138.231.207,RO26XWPQ6512631335074946,2024-09-14 12:04:17,34524,437,241,1017902,2717ae7b-dc46-4675-bf9d-6cd8d93fe81b
Dana Dobre,danadobre,danadobre@kappa.ro,2940917526210,2010-02-28,"Aleea Pușcașu Nr. 98 Bl. 95  Sc. 63 Ap. 706, Straja, 497736",0246 556 633,06:bd:7d:64:05:42,205.55.64.105,RO18LVOC3530083686846551,2024-09-14 12:04:17,14829,33,174,648494,915b208a-c66d-4b23-ad98-81c5390576d8
Fiona Diaconescu,fionadiaconescu,fionadiaconescu@acasa.ro,8420709252524,1961-03-31,"Bulevardul Nistor Nr. 47, Tunari, 841382",0760 583 872,16:25:2f:83:82:a4,65.169.94.215,RO69DITT5968505265996658,2024-09-14 12:04:17,21608,561,36,520902,1e83e2d0-d0ed-4205-a045-d6c2b831e1bc
Victoria Manole,victoriamanole,victoriamanole@zzup.ro,2410717415141,1973-11-07,"Bulevardul Carolina Stănescu Nr. 184, Gilau, 942173",0732 593 989,c2:04:98:bf:d1:f2,197.10.135.224,RO49KBNH0412278149076722,2024-09-14 12:04:17,29505,127,277,1428582,77a08c15-d696-49d8-9cb3-98dc3f33ded6
Octavia Toma,octaviatoma,octaviatoma@gmail.com,6731005083519,2019-09-29,"Strada Amanda Voinea Nr. 44 Bl. 69  Sc. 23 Ap. 693, Deva, 762271",0749 113 512,c0:50:0a:05:4c:4f,162.130.30.241,RO54AIWO7940465043749727,2024-09-14 12:04:17,9862,144,552,390580,5985e7f1-07a5-4e8c-b0bb-4ca064df21cb
Ladislau Marin,ladislaumarin,ladislaumarin@141.ro,5110401401044,2013-11-01,"Bulevardul Dobre Nr. 574 Bl. 33  Sc. 32 Ap. 204, Gaesti, 779085",0246 960 653,40:ce:a8:a9:9c:f4,185.129.55.12,RO39YLWE4972895703301218,2024-09-14 12:04:17,22164,23,704,239055,37c998b6-563c-4d11-9662-a192afc7230d
Luciana Pop,lucianapop,lucianapop@post.ro,1320718133985,1935-02-12,"Soseaua Stancu, Caracal, 794196",0748 606 487,40:f8:1c:ea:6e:14,22.82.202.9,RO56JIOX6092894525537291,2024-09-14 12:04:17,31027,332,529,507376,2cf13e38-f0ad-4d73-b0a8-670bd736ef0e
Lioara Dinu,lioaradinu,lioaradinu@141.ro,7321215306078,1936-12-09,"Drumul Mocanu Nr. 50 Bl. 35  Sc. 99 Ap. 148, Popesti-Leordeni, 867827",0238 354 522,06:7a:79:10:34:d6,83.56.179.109,RO88ESMB8325846518681090,2024-09-14 12:04:17,8740,809,344,254221,f070b530-15ff-479f-a8d9-e3ea5f66bbf7
Safta Tabacu,saftatabacu,saftatabacu@141.ro,3941116033351,1918-10-16,"Soseaua Aanei, Vulcan, 882256",0247 444 611,44:b8:cc:b9:3f:d9,203.59.46.58,RO87LSLE9379368573338808,2024-09-14 12:04:17,17357,144,666,985422,4d626466-3b04-4096-9b51-96205dad0593
Ina Stancu,inastancu,inastancu@gmail.com,8431224099808,1952-05-14,"Drumul Ene, Cluj-Napoca, 601267",0244 926 959,10:6f:ea:2f:cb:9b,42.151.45.227,RO07WPXL4682861173577569,2024-09-14 12:04:17,18129,232,155,1261953,1e9a8496-2f78-415a-897e-0b391bb031db
Agnos Dima,agnosdima,agnosdima@email.ro,2870110175761,2015-07-21,"Soseaua Dobre Nr. 59, Dragasani, 814355",0740 916 403,68:93:47:b4:0e:52,211.111.72.29,RO15USHH5206418181663992,2024-09-14 12:04:17,14663,1000,448,1552186,ffefe5a5-1d10-4d47-81cc-883f93ae02ab
Zoe Marin,zoemarin,zoemarin@141.ro,7670105188767,2005-07-29,"Strada Decebal Diaconescu Nr. 80 Bl. 54  Sc. 45 Ap. 562, Ramnicu Valcea, 411530",0751 611 271,2e:98:5c:6c:11:da,27.195.151.205,RO50DLCN3717749804765163,2024-09-14 12:04:17,19540,144,502,1970961,7ec3d375-ffaf-4759-b1cc-1b729c9658b2
Lorin Nemeș,lorinnemeș,lorinnemeș@post.ro,8670525176271,1961-01-18,"Drumul Aanei Nr. 344, Radauti, 392868",0722 856 081,bc:59:5c:90:bb:bb,211.251.75.104,RO12HBSW2875191161310107,2024-09-14 12:04:17,10713,88,336,653783,2d578290-b6ba-4550-bfd7-8f428870639f
Costin Dobre,costindobre,costindobre@zzup.ro,3161202195311,1985-05-26,"Intrarea Julieta Cristea Nr. 68 Bl. 16  Sc. 63 Ap. 947, Dragu-Brad, 276371",0770 181 334,ee:f7:ef:93:e7:ae,13.233.162.197,RO81NPFV7770335715603319,2024-09-14 12:04:17,16472,443,499,1993369,d21936a4-c264-41a0-bef4-6c4ef95fc3da
Anabela Dochioiu,anabeladochioiu,anabeladochioiu@acasa.ro,5330722360168,1958-01-26,"Strada Mocanu Nr. 58 Bl. 29  Sc. 32 Ap. 929, Toflea, 409916",0738 606 599,fc:cf:97:d0:ad:f3,20.175.108.132,RO14MMUI9961548449739458,2024-09-14 12:04:17,25962,732,80,334598,38dd05ef-507a-4a6e-887f-1079cc994c4f
Eusebiu Cristea,eusebiucristea,eusebiucristea@zzup.ro,8920605156241,1997-12-27,"Aleea Cristea Nr. 794, Floresti, 602230",0261 730 831,78:0c:0e:cb:0f:58,176.42.226.178,RO34VKOM7502716260050435,2024-09-14 12:04:17,26090,424,349,1940163,ef6cdae0-9961-499f-b256-c866b6d5f702
Zenobia Albu,zenobiaalbu,zenobiaalbu@kappa.ro,6750523370471,1974-03-02,"Drumul Ionescu Nr. 33 Bl. 78  Sc. 94 Ap. 593, Urlati, 380651",0258 892 556,c0:be:57:ac:cf:88,165.218.96.137,RO27EOCV2993227033565965,2024-09-14 12:04:17,13969,23,139,1215405,6d673178-17e3-4a25-bbd1-d3c214ba6e5a
Cosmin Suciu,cosminsuciu,cosminsuciu@acasa.ro,3560712229468,1934-01-25,"Strada Angela Preda Nr. 40 Bl. 60  Sc. 11 Ap. 445, Sannicolau Mare, 252880",0728 553 421,fa:8c:fe:83:7f:b0,71.255.133.218,RO16JYXX5306388034373197,2024-09-14 12:04:17,12625,435,258,1605743,a1a1a34d-9000-4af9-b004-bdbdfda8b33e
Eftimie Nemeș,eftimienemeș,eftimienemeș@kappa.ro,5271007349930,2006-03-03,"Soseaua Manole Nr. 39 Bl. 29  Sc. 61 Ap. 121, Harlau, 127844",0730 485 883,e4:eb:d3:08:31:cd,20.127.213.5,RO04EJLA3790101703793143,2024-09-14 12:04:17,11709,353,670,31452,884ca9d9-61f7-40cc-9d15-1d9f0276f1c4
Alis Stănescu,alisstănescu,alisstănescu@zzup.ro,5091226353063,2022-11-05,"Drumul Carmina Marin Nr. 25 Bl. 68  Sc. 51 Ap. 720, Boldesti-Scaeni, 873795",0729 478 627,d6:67:6c:ba:ba:2c,123.219.89.96,RO32IUXT7974756223580195,2024-09-14 12:04:17,27966,837,56,1156831,32db3408-d9d8-4bea-8af1-1cd1ebc55419
Luciana Tudor,lucianatudor,lucianatudor@post.ro,3481125202383,1952-02-10,"Intrarea Dinu, Valea Mare (Babeni), 158314",0235 257 862,50:41:12:b1:08:a0,42.66.135.96,RO47SLSK0176406377489321,2024-09-14 12:04:17,2288,765,715,1139412,b74e7ff5-25c2-4bc8-b06a-f673ca06d7da
Zina Mazilescu,zinamazilescu,zinamazilescu@kappa.ro,2910907403806,1977-01-29,"Soseaua Pop Nr. 428 Bl. 56  Sc. 77 Ap. 553, Titu, 848077",0729 102 980,30:77:81:68:58:eb,167.127.66.210,RO34KFKT1156194053742871,2024-09-14 12:04:17,25979,290,551,326734,7da5f3d0-d04f-475f-afdf-a958935df897
Adam Stancu,adamstancu,adamstancu@kappa.ro,4471017101889,1910-03-18,"Strada Melina Marin Nr. 97 Bl. 66  Sc. 98 Ap. 575, Lumina, 862353",0258 066 373,0e:0a:4d:21:03:5a,67.221.60.83,RO64BSKR3449935868875441,2024-09-14 12:04:17,16065,465,488,1438104,a52fb0f8-9684-4b6e-89c5-e33e906a6ac6
Stelian Eftimie,stelianeftimie,stelianeftimie@141.ro,1150921416088,1990-05-17,"Aleea Severina Gheorghiu Nr. 25, Moldova Veche, 278751",0753 341 071,7e:d0:a8:f7:64:55,35.211.111.42,RO97DITF2549248813288041,2024-09-14 12:04:17,6026,688,656,1055403,2bf24863-d694-45da-a760-2369c417a483
Elisaveta Oprea,elisavetaoprea,elisavetaoprea@zzup.ro,4920316332927,1938-06-12,"Bulevardul Stan Nr. 39 Bl. 40  Sc. 79 Ap. 492, Toflea, 355049",0266 469 339,34:9e:33:f1:e8:fe,208.194.233.6,RO96UULA9145708012470889,2024-09-14 12:04:17,22652,258,276,1894755,faf3e2d5-b0b3-4568-8d8f-752446a964a7
Emanoil Tabacu,emanoiltabacu,emanoiltabacu@acasa.ro,1280306212534,1952-11-23,"Drumul Niță Nr. 84 Bl. 40  Sc. 84 Ap. 187, Targu Neamt, 749222",0244 049 049,d8:9d:a6:16:41:c9,206.144.202.57,RO89QXHY3793654351960907,2024-09-14 12:04:17,22630,528,473,763668,2686c7da-a0d4-4dc2-8256-4a488aac3b97
Lelia Pop,leliapop,leliapop@acasa.ro,6370308306259,1927-05-29,"Soseaua Suciu Nr. 95 Bl. 39  Sc. 72 Ap. 464, Cobadin, 375710",0238 382 296,94:4b:2a:62:a6:22,7.27.108.75,RO23FDBK8958738573572711,2024-09-14 12:04:17,12868,613,794,381282,43d58552-64f3-4dc9-83a9-004f6760722a
Ionela Eftimie,ionelaeftimie,ionelaeftimie@acasa.ro,1261123141716,1934-08-15,"Bulevardul Diaconu Nr. 724 Bl. 55  Sc. 84 Ap. 905, Dorohoi, 152493",0772 881 088,5e:70:f0:44:84:1c,13.146.7.235,RO53TUTM1718775143009715,2024-09-14 12:04:17,32900,107,54,1371829,28ac62bd-53f4-419b-8e43-bd4c11d10b2d
Suzana Nistor,suzananistor,suzananistor@141.ro,5840327400133,2006-01-01,"Intrarea Tabacu, Odorheiu Secuiesc, 911605",0748 624 546,24:81:87:fa:c4:54,121.157.217.231,RO34NMWJ3128581582885941,2024-09-14 12:04:17,16846,153,772,1404301,71105cbb-a1db-49fb-9294-ec7fa4396973
Alex Voinea,alexvoinea,alexvoinea@acasa.ro,3270111323909,1941-10-08,"Strada Preda, Sinaia, 848789",0784 909 825,04:10:d4:ee:63:27,19.88.224.5,RO27DBOO8831936349367091,2024-09-14 12:04:17,22175,474,247,1344471,b50d9470-e0fc-429b-842a-cc1336e4e03f
Romanița Nistor,romanițanistor,romanițanistor@email.ro,3120630455844,1938-11-22,"Strada Diaconu Nr. 75, Caracal, 567206",0264 534 887,6c:12:8c:97:a8:0c,173.164.210.59,RO15DRPG1066516249329941,2024-09-14 12:04:17,2546,669,336,525151,a93e3227-1dcd-4c55-9764-c0556c6ebe67
Gregorian Barbu,gregorianbarbu,gregorianbarbu@post.ro,4400704044866,1988-12-18,"Strada Mioara Tabacu Nr. 151 Bl. 18  Sc. 44 Ap. 152, Poienile de sub Munte, 650027",0238 526 156,86:03:ba:a4:de:2b,146.53.118.104,RO97QABH2179275584175900,2024-09-14 12:04:17,20186,598,747,1063337,876ff39e-6745-4b36-90cb-56ecfe3a17d9
Călin Suciu,călinsuciu,călinsuciu@kappa.ro,5120305115956,1926-03-20,"Bulevardul Sabrina Nistor Nr. 521, Sangeorz-Bai, 496516",0247 401 219,ca:22:54:2f:23:59,98.140.90.39,RO10QLRW3731040661253164,2024-09-14 12:04:17,19006,11,730,1157591,7ac0ede1-cdb8-4a00-afd3-160086cb5d54
Marga Gheorghiu,margagheorghiu,margagheorghiu@acasa.ro,8030615179758,2001-07-05,"Soseaua Lidia Stan Nr. 334, Teius, 696866",0244 130 979,12:54:51:04:aa:a8,42.201.209.158,RO26TDGO2855520024020761,2024-09-14 12:04:17,19043,318,716,1558751,b3423f85-debf-4d22-8dc7-a1c85adb6650
Mirona Tomescu,mironatomescu,mironatomescu@acasa.ro,5040220227592,2015-11-18,"Intrarea Tomescu, Draganesti-Olt, 725152",0756 275 510,d4:b3:5a:51:dc:c4,7.203.39.229,RO32YVCW5651395821502205,2024-09-14 12:04:17,1570,220,775,368546,c2674168-e5a3-4fde-b35b-f3634224f40d
Dafina Tabacu,dafinatabacu,dafinatabacu@post.ro,1190323072410,1993-11-08,"Drumul Dima Nr. 51 Bl. 31  Sc. 73 Ap. 665, Piatra-Neamt, 904302",0243 340 089,52:54:ec:33:71:d5,217.205.190.255,RO14JZCE7480401098993225,2024-09-14 12:04:17,11215,59,398,1067598,82f7338d-1ad5-4a1a-8460-950ccb5d61c4
George Preda,georgepreda,georgepreda@post.ro,6610523287347,2007-08-14,"Bulevardul Lucențiu Nistor Nr. 759 Bl. 39  Sc. 18 Ap. 194, Adjud, 558839",0267 188 581,3e:6b:09:41:fc:9b,119.3.11.204,RO07ISOD6851248816493622,2024-09-14 12:04:17,11179,587,332,1567267,fd0fc890-e275-4056-9cc3-a0ca66d4e21a
Dumitru Popa,dumitrupopa,dumitrupopa@post.ro,3270212203287,1924-09-16,"Soseaua Dima Nr. 751 Bl. 88  Sc. 25 Ap. 417, Orsova, 665698",0720 492 397,da:b0:4d:51:be:0b,204.156.231.132,RO05EFEJ5933436004304748,2024-09-14 12:04:17,27039,77,97,1015010,7aac281a-52b5-4ebe-ab17-4ee602bf9dfe
Valeria Stănescu,valeriastănescu,valeriastănescu@zzup.ro,4071217160188,1961-06-08,"Bulevardul Ludmila Cristea Nr. 16 Bl. 19  Sc. 90 Ap. 855, Falticeni, 932828",0268 933 257,1a:0b:e6:69:69:50,54.9.77.147,RO68GMEA8981045112203881,2024-09-14 12:04:17,12081,895,356,1304691,9b7fbd24-7818-47ad-b3f2-141cc1ee1942
Inocențiu Oprea,inocențiuoprea,inocențiuoprea@kappa.ro,1490105275737,1936-04-11,"Bulevardul Diana Ababei Nr. 252 Bl. 89  Sc. 56 Ap. 967, Beclean, 810525",0765 371 182,4c:3c:c1:28:80:e8,182.189.213.16,RO78BUXO3530003359013256,2024-09-14 12:04:17,1678,645,128,1144656,51b418f8-321c-415d-af9d-b11e2c01b439
Dorin Manole,dorinmanole,dorinmanole@141.ro,6631215377818,2005-12-09,"Soseaua Voinea Nr. 58, Segarcea, 752659",0246 076 552,b6:f5:10:47:f1:46,54.150.236.95,RO14BJGT1056667944400406,2024-09-14 12:04:17,16720,55,199,1525810,d32e526e-8ff7-4ac6-8c3f-9835e03a7c5d
Gina Albu,ginaalbu,ginaalbu@email.ro,8070326409929,1914-11-18,"Bulevardul Ene Nr. 46, Poiana Mare, 281286",0771 998 729,be:90:dd:25:cc:55,194.204.46.193,RO40SLRI3068194226776258,2024-09-14 12:04:17,19689,987,677,1210169,77c0eec5-e722-4ecb-b3e9-0f7d811b93eb
Anatolie Preda,anatoliepreda,anatoliepreda@gmail.com,5080525213616,1951-02-01,"Strada Voinea, Busteni, 606136",0254 513 246,62:3f:df:b2:cc:45,77.13.247.39,RO61WTZO8105505313208445,2024-09-14 12:04:17,25774,668,540,751737,a51b9c92-cc4e-4b46-9eab-97f47ffd907e
Jana Stan,janastan,janastan@email.ro,4821106282306,1916-09-16,"Drumul Crenguța Tomescu, Zimnicea, 619480",0258 070 788,f8:08:b4:49:af:bd,72.246.227.73,RO05SONF7241850463467981,2024-09-14 12:04:17,35337,846,176,815348,b7989a0e-cc97-4d7d-8dee-168baeca386c
Sava Dinu,savadinu,savadinu@gmail.com,7450631358849,2015-05-22,"Strada Georgescu, Arad, 977766",0769 106 438,e4:93:5e:42:51:4a,29.185.150.65,RO90HBCW2696916617393374,2024-09-14 12:04:17,26866,207,583,1871178,e9ca2521-5ac5-4cf7-9a82-69a1f36d3682
Roberta Stănescu,robertastănescu,robertastănescu@141.ro,1430904067803,1946-11-07,"Intrarea Ababei, Saveni, 241529",0744 198 561,06:7f:3f:b3:42:f4,29.81.236.47,RO94VEFG7117943436047755,2024-09-14 12:04:17,34934,436,425,401059,a9b651fa-5331-4d34-bd8c-015599999af1
Dorina Tabacu,dorinatabacu,dorinatabacu@zzup.ro,6090927253690,1946-05-02,"Intrarea Iustinian Mocanu Nr. 670, Sebis, 274911",0729 513 610,54:9c:00:8b:19:f8,151.241.157.21,RO52ZNDA0723612145770071,2024-09-14 12:04:17,466,7,275,1034785,d6bd9860-908a-4527-bc9c-5ebb7c54891b
Albertina Dochioiu,albertinadochioiu,albertinadochioiu@gmail.com,4480118264511,1930-09-06,"Intrarea Albu Nr. 74, Dragu-Brad, 957659",0242 756 500,ae:32:d2:ca:2d:35,79.121.194.141,RO50NGHW1405645953785298,2024-09-14 12:04:17,6984,800,777,46067,ca2ff03b-1741-4612-8874-b96045c68bb6
Speranța Popescu,speranțapopescu,speranțapopescu@post.ro,4081213221510,1914-12-30,"Strada Mocanu Nr. 27, Podu Iloaiei, 443779",0786 003 966,dc:34:13:46:6e:48,25.15.174.117,RO59OPAX7085615462476007,2024-09-14 12:04:17,20702,820,301,969674,aebd2959-d3f4-46a4-af89-3286829479db
Suzana Stan,suzanastan,suzanastan@kappa.ro,7811205018583,1928-01-01,"Bulevardul Felix Dinu Nr. 176, Baia Sprie, 614262",0741 379 682,a2:df:13:32:1c:38,21.100.53.136,RO37LRPD6934789611800835,2024-09-14 12:04:17,14158,860,303,1183100,d7f498a9-2d03-4f62-a2de-0c02e8218ede
Steluța Tomescu,steluțatomescu,steluțatomescu@gmail.com,8720722409459,2021-05-29,"Drumul Marin Nr. 722, Tulcea, 669356",0784 541 847,ee:f1:b4:61:8e:cf,87.81.63.224,RO18YQTN6522942134441293,2024-09-14 12:04:17,11738,368,774,1573520,a976cfe9-e37f-41ca-9aa8-ffa881253ade
Ionelia Mazilescu,ioneliamazilescu,ioneliamazilescu@zzup.ro,1841121022475,1938-07-14,"Bulevardul Jenel Tomescu Nr. 893 Bl. 44  Sc. 28 Ap. 573, Salonta, 729800",0731 265 419,34:0d:3a:35:d4:d2,93.168.66.238,RO88DDPV9033934119159257,2024-09-14 12:04:17,2921,697,54,76216,f9a99262-1e42-43d3-8c84-d2cb1d8c5b2b
Iancu Tabacu,iancutabacu,iancutabacu@zzup.ro,7300525373849,1999-07-18,"Strada Lucian Tomescu Nr. 92, Otopeni, 135858",0255 202 759,82:09:61:6d:1b:6a,94.172.8.128,RO53GZSC7713878880514158,2024-09-14 12:04:17,2925,837,244,1454009,051d0668-2f89-44e8-85b8-dbbf266412c7
Daciana Mocanu,dacianamocanu,dacianamocanu@zzup.ro,3550609381519,2001-02-26,"Bulevardul Dima Nr. 74, Valea lui Mihai, 870438",0711 851 123,a2:53:45:ab:bf:ab,115.136.131.244,RO87OMZN6692256372329535,2024-09-14 12:04:17,31118,598,316,1581304,2f09c0ed-4be1-43bb-b348-320679f58f10
Luca Ardelean,lucaardelean,lucaardelean@email.ro,7430506276885,2006-08-20,"Intrarea Aanei, Otopeni, 399653",0238 119 091,0e:40:da:8c:68:36,96.219.56.113,RO04XXKX2409688232557335,2024-09-14 12:04:17,7919,287,347,684736,8d5c7924-63e3-490e-94e1-c604d211621f
Nelu Gheorghiu,nelugheorghiu,nelugheorghiu@gmail.com,2091221063447,1962-12-15,"Drumul Diaconu Nr. 28, Nasaud, 730614",0247 010 677,ee:af:3c:a9:08:30,106.122.243.55,RO78JOBL0977688575551636,2024-09-14 12:04:17,164,525,606,918356,b28ea617-058f-4fac-a64f-18febdb4793c
Brândușa Tabacu,brândușatabacu,brândușatabacu@post.ro,1510711143929,1974-07-22,"Aleea Cristea Nr. 645 Bl. 57  Sc. 48 Ap. 899, Boldesti-Scaeni, 990428",0780 393 770,48:03:07:ae:53:7d,99.2.164.180,RO44HJGC4192138725869948,2024-09-14 12:04:17,33906,998,74,873010,d67665a4-adc1-4c86-a89c-473a69b24422
Maricica Stan,maricicastan,maricicastan@post.ro,3320712296011,1971-11-13,"Strada Constanța Dinu Nr. 20, Fieni, 733772",0264 648 605,aa:36:df:8e:70:94,92.200.221.188,RO96UEFJ8641090662848149,2024-09-14 12:04:17,11819,796,202,32680,8ffefc3c-67d1-41d5-9538-bed87f609aae
Vlădelina Dochioiu,vlădelinadochioiu,vlădelinadochioiu@kappa.ro,4960823339303,1944-05-04,"Drumul Dinu Nr. 62, Mihail Kogalniceanu, 169718",0723 471 483,10:71:88:c8:ba:4d,130.198.177.45,RO38SKBR4377097212868137,2024-09-14 12:04:17,3405,556,781,77166,ac5c870b-1306-44d9-bd9f-e8d49c14a338
Sava Ioniță,savaioniță,savaioniță@kappa.ro,6460724240511,1950-09-23,"Soseaua Pop Nr. 15, Oltenita, 770682",0762 963 907,16:b8:5a:a9:69:98,223.7.154.179,RO80JRGB3287567392627762,2024-09-14 12:04:17,14624,975,223,388880,cec96455-cf21-41f0-9b2e-0fc3c8d75569
Venera Oprea,veneraoprea,veneraoprea@kappa.ro,4530431116414,1981-09-15,"Soseaua Cristea, Marghita, 420548",0759 737 664,42:5b:4c:dd:11:cd,166.177.63.45,RO76VUVM1620635609437122,2024-09-14 12:04:17,22870,234,569,804251,3062981d-9b6f-4705-b3fe-b5b6ceb1804c
Casian Preda,casianpreda,casianpreda@post.ro,5140727373418,1909-12-07,"Strada Tudor, Huedin, 663314",0765 408 919,ee:99:d9:74:d2:e5,97.114.179.92,RO54EAUV0248412930382774,2024-09-14 12:04:17,35877,271,265,525260,4d5e1a36-29d7-4f0e-9688-465f66fa0899
Suzana Dima,suzanadima,suzanadima@zzup.ro,8120807246638,1938-05-25,"Strada Stancu Nr. 299 Bl. 19  Sc. 42 Ap. 953, Negresti, 772657",0742 549 412,e8:09:e5:a6:be:90,216.46.196.84,RO92DYHV1276798716151860,2024-09-14 12:04:17,35888,555,47,1957153,027f364d-9430-4e4d-ad22-032a4867bea8
Lorin Manole,lorinmanole,lorinmanole@141.ro,7991005178801,1991-10-20,"Intrarea Mădălin Ardelean, Otopeni, 704181",0246 437 390,5e:f8:38:31:cc:0a,169.114.91.207,RO81OJZN5578549737518229,2024-09-14 12:04:17,2084,511,451,1087371,da6b2a35-3123-45de-8586-3d4fd7367c2c
Gina Ababei,ginaababei,ginaababei@gmail.com,5700522196907,1911-05-16,"Bulevardul Dumitrana Dima Nr. 987 Bl. 96  Sc. 14 Ap. 750, Ramnicu Sarat, 384613",0265 622 684,4c:c5:f3:9e:5a:98,215.28.137.93,RO43ODDP3872955374077033,2024-09-14 12:04:17,25417,951,686,1022118,b4a5da20-66d6-44d7-a6e7-e965dd3b1a12
Iuliana Dochioiu,iulianadochioiu,iulianadochioiu@kappa.ro,7370614175133,2006-11-12,"Soseaua Voinea, Otopeni, 998082",0744 189 851,ae:61:ca:57:fd:21,68.164.204.6,RO43LQFP3306560449096092,2024-09-14 12:04:17,20083,318,387,1148875,4babc68e-5927-4eb8-bb18-ba72efc1d7f8
Manuela Stan,manuelastan,manuelastan@kappa.ro,1470109052804,1970-11-30,"Bulevardul Ababei Nr. 39 Bl. 90  Sc. 14 Ap. 783, Strehaia, 392548",0739 974 260,48:7e:88:c1:0b:05,64.254.27.57,RO70UJMX6250876893038525,2024-09-14 12:04:17,28267,476,379,858099,28efb1f3-9dc7-45e4-b755-20da9130e753
Tudor Dumitrescu,tudordumitrescu,tudordumitrescu@post.ro,4570807311999,1995-10-02,"Bulevardul Ionescu, Otopeni, 524169",0771 760 947,78:00:2a:12:4f:a3,46.243.100.198,RO84AKHZ5028005411182422,2024-09-14 12:04:17,32883,422,609,1188250,baabe6f1-1b96-47c1-b114-ce98268e8ee4
Anamaria Diaconu,anamariadiaconu,anamariadiaconu@post.ro,8540701032451,1981-07-02,"Intrarea Voinea Nr. 466 Bl. 68  Sc. 87 Ap. 847, Rasnov, 515694",0252 241 431,fc:80:ee:f8:f8:ef,82.29.6.115,RO42AYXC5191041960259520,2024-09-14 12:04:17,31083,824,200,1918770,95d595be-ac21-4924-ab5a-f7d3aef08b7c
Aleodor Georgescu,aleodorgeorgescu,aleodorgeorgescu@email.ro,4170912255915,1958-05-10,"Strada Popa, Darmanesti, 225936",0247 404 119,0a:6f:76:12:71:7b,184.33.25.109,RO97UNJZ7890582092112546,2024-09-14 12:04:17,32476,565,694,401694,2af1d8cf-c040-499d-ab09-408871d648ad
Alice Dobre,alicedobre,alicedobre@email.ro,8810714249983,1935-02-20,"Strada Preda, Bolintin-Vale, 108143",0744 127 945,da:2c:78:aa:d4:73,183.79.33.1,RO61PKJR3329697773076317,2024-09-14 12:04:17,7670,461,596,1740033,ea2aed6b-8bb6-4e96-98e5-fd49c6d868c2
Iustina Dinu,iustinadinu,iustinadinu@zzup.ro,1501208046055,1968-09-02,"Intrarea Petrică Barbu Nr. 82, Moisei, 573950",0744 035 151,82:a4:9b:c3:05:1c,25.164.141.203,RO20KZVD5064636971151733,2024-09-14 12:04:17,5590,628,68,1376908,10bf686b-bab2-4a3f-a6ad-21e4ba38f335
Camelia Oprea,cameliaoprea,cameliaoprea@acasa.ro,4350318379584,2012-05-04,"Drumul Albu Nr. 485, Sibiu, 505347",0269 397 896,64:1f:bd:47:d9:4d,137.106.213.22,RO56JKZP0420093053285127,2024-09-14 12:04:17,1227,424,411,558379,e218cb58-2955-4a97-9888-6053a7f14f9c
Pamfil Stoica,pamfilstoica,pamfilstoica@kappa.ro,1501223230424,1975-03-14,"Strada Nistor Nr. 238, Babeni, 309884",0255 450 963,84:49:ef:d4:7c:2e,74.112.163.61,RO13NHBD4569476358405998,2024-09-14 12:04:17,175,747,179,1941271,0b946f3c-81f0-4973-a5b5-4c0b9f7db6df
Gicu Ardelean,gicuardelean,gicuardelean@acasa.ro,3710212077221,1926-04-18,"Strada Stoica, Cumpana, 543984",0741 940 322,12:88:da:82:c1:bb,51.174.3.52,RO90CUNQ6799480985457508,2024-09-14 12:04:17,6048,348,800,1289469,48b9aac1-f7b6-4fd4-8673-5acd45fa3b32
Elisaveta Stancu,elisavetastancu,elisavetastancu@email.ro,6160618355208,2020-12-17,"Bulevardul Tudosia Nistor Nr. 24 Bl. 50  Sc. 98 Ap. 130, Domnesti, 554726",0746 310 229,1c:c2:16:f4:ea:ed,147.161.210.134,RO28SIMF8881205507072671,2024-09-14 12:04:17,23626,94,185,695928,a0e9282e-83d2-4224-8a20-8fa672ff2889
Iasmina Aanei,iasminaaanei,iasminaaanei@zzup.ro,6841203084322,1974-02-28,"Strada Floarea Albu, Otelu Rosu, 870894",0737 616 330,fc:17:b0:62:73:b9,125.78.252.192,RO91EQIT5592943368677659,2024-09-14 12:04:17,6471,823,597,666363,97a81889-3c39-4261-bcb4-ccdc653b357e
Robertina Stănescu,robertinastănescu,robertinastănescu@post.ro,1961002453750,1910-12-22,"Soseaua Vladimir Tomescu, Jilava, 207924",0240 806 690,78:57:12:0f:a3:ae,211.3.222.173,RO42YGOK8261754031407416,2024-09-14 12:04:17,15391,466,398,672249,cbd97589-a1ff-4812-a9d9-9cb0f27ae61c
Pamfil Nemeș,pamfilnemeș,pamfilnemeș@acasa.ro,5101216148751,1994-04-01,"Soseaua Lucențiu Stancu, Lumina, 573906",0767 663 621,aa:26:4f:b6:71:04,103.72.119.58,RO87JUGG1427480536548748,2024-09-14 12:04:17,9631,823,550,395583,4100d06f-5a06-4a38-b6a3-a50889806f71
Mădălin Diaconu,mădălindiaconu,mădălindiaconu@141.ro,2331228311108,1933-01-26,"Soseaua Mocanu, Blaj, 436524",0771 089 655,ba:42:b4:25:32:14,113.20.76.49,RO40MRCJ8877470522609776,2024-09-14 12:04:17,30056,424,450,1865343,54ff9901-c743-4f81-b6d2-69b325215106
Beniamin Marin,beniaminmarin,beniaminmarin@gmail.com,8211023421756,1996-09-20,"Drumul Lili Tudor Nr. 97, Baia Mare, 900214",0738 314 256,5a:cc:9e:51:89:4e,100.34.32.11,RO79OYBP7128961904460898,2024-09-14 12:04:17,6123,433,63,1399600,b6e5f9a8-5e26-4552-8458-2a81f2decd67
George Barbu,georgebarbu,georgebarbu@acasa.ro,1770819264943,1930-01-18,"Drumul Olimpiu Florea, Turda, 917616",0257 987 715,f8:83:30:ed:a7:83,176.83.82.172,RO90JDAF2840651724277998,2024-09-14 12:04:17,2988,785,37,1988036,c82c068b-7fbc-47ba-9d3f-e83c94d35a47
Nadia Marin,nadiamarin,nadiamarin@email.ro,5860124316496,1920-03-02,"Aleea Gheorghiu, Toflea, 428349",0261 753 559,e4:43:e1:df:05:c8,12.75.206.249,RO60HEAN3378975273077680,2024-09-14 12:04:17,327,289,663,958906,e1901980-662c-4a47-9cd1-64a00f135b4d
Zoe Stancu,zoestancu,zoestancu@141.ro,4210319123485,1969-09-11,"Bulevardul Toma Nr. 835, Targu Mures, 569299",0232 599 547,f8:86:69:18:5d:e7,3.166.20.147,RO26IRTZ1822555481898741,2024-09-14 12:04:17,29184,915,535,1240461,2f9ec76e-9cab-4c1e-9c98-a9abf229d2c5
Amedeu Voinea,amedeuvoinea,amedeuvoinea@post.ro,7190223280533,1998-02-26,"Bulevardul Henrieta Tomescu, Vulcan, 222573",0752 211 668,46:d7:dd:a2:bc:6c,168.4.92.174,RO71BFYG8269191151759477,2024-09-14 12:04:17,35921,630,147,837596,1ad2c3ea-b0c9-4e99-b368-984b6e50b221
Olimpiu Tudor,olimpiutudor,olimpiutudor@gmail.com,8320612372431,1995-07-24,"Intrarea Mălina Tudor, Pitesti, 497192",0734 441 181,98:d1:1f:e0:09:d4,18.211.103.50,RO84GRTL5919308009403343,2024-09-14 12:04:17,26863,679,178,809008,c890501e-dd9b-4898-a049-dbb0ae1d8926
Constanța Dumitrescu,constanțadumitrescu,constanțadumitrescu@gmail.com,8680902032520,1913-11-02,"Intrarea Popescu, Eforie Nord, 244798",0248 457 744,2e:8c:ba:ec:51:75,206.58.129.185,RO86MBUV4521734657699265,2024-09-14 12:04:17,14034,788,456,1984151,84ea09bc-ecdc-44d3-beaf-f415581ecb84
Anton Marin,antonmarin,antonmarin@post.ro,4640908058389,1986-02-05,"Strada Ștefania Tudor Nr. 56 Bl. 55  Sc. 22 Ap. 729, Buzau, 565765",0733 964 300,20:8c:59:19:43:35,139.141.145.163,RO04CJDU6515231011383947,2024-09-14 12:04:17,25893,360,391,481810,2224a358-dd81-4d27-8ceb-2a32deeef770
Lucențiu Gheorghiu,lucențiugheorghiu,lucențiugheorghiu@141.ro,7071108107864,1924-07-15,"Intrarea Ardelean Nr. 36, Oravita, 951236",0724 605 306,3e:2c:ef:ca:02:4f,150.93.67.41,RO52WEEE9303349385577504,2024-09-14 12:04:17,9266,561,48,421790,d3cf83bd-6297-488c-ad4d-52ae1cfaec3b
Jana Marin,janamarin,janamarin@zzup.ro,6201130269776,1992-01-10,"Strada Mocanu Nr. 19 Bl. 60  Sc. 33 Ap. 570, Navodari, 388499",0723 606 345,74:03:2c:9b:d3:28,125.17.114.5,RO64HMEU2642531416712380,2024-09-14 12:04:17,24321,334,32,766240,2d18a56b-0711-4533-8720-7b6fe9e98715
Stanca Dochioiu,stancadochioiu,stancadochioiu@kappa.ro,4460610047781,1916-08-17,"Aleea Toma Nr. 154, Teius, 687182",0255 797 635,36:3c:88:64:b2:7f,16.120.211.232,RO31BBOF6521465958556806,2024-09-14 12:04:17,15251,835,82,1436047,f3667379-ef87-49bf-9780-d95b2e9dc4bf
Vicenția Ababei,vicențiaababei,vicențiaababei@zzup.ro,5221115190360,1965-03-15,"Intrarea Tomescu Nr. 69, 1 Decembrie, 892969",0754 911 137,a2:1d:b8:b4:97:7d,158.205.248.69,RO69EWQQ4670290465110237,2024-09-14 12:04:17,2638,763,48,1132089,9958e4ef-be53-4f4a-86bd-6120d45a5941
Francesca Manole,francescamanole,francescamanole@gmail.com,3640714209485,1911-03-24,"Bulevardul Marin, Sandominic, 865294",0758 938 713,8c:1a:23:68:b6:df,79.131.178.215,RO14KODM9086038590670161,2024-09-14 12:04:17,32542,250,65,1469195,322f6546-6cf8-4fab-9460-6113ce88a97f
Ariana Tomescu,arianatomescu,arianatomescu@post.ro,7421108260321,1982-10-02,"Bulevardul Popescu, Dorohoi, 128843",0266 124 425,7e:92:64:b0:cf:26,91.168.205.69,RO52WVWI1779996161414355,2024-09-14 12:04:17,31663,466,751,1207375,bb15c3e7-d20b-4d32-9bf0-cc9f7ebcdd0f
Teohari Stancu,teoharistancu,teoharistancu@141.ro,3170325082621,1959-12-27,"Drumul Mihaela Stan, Beius, 473181",0241 658 418,78:da:2b:06:e9:75,61.40.80.75,RO29RULK0425897009021124,2024-09-14 12:04:17,22415,618,308,1116328,30d8fbd4-4839-4b8d-8d4f-696e7bc9b1f8
Mihail Aanei,mihailaanei,mihailaanei@acasa.ro,7571101401456,2020-06-15,"Bulevardul Gheorghiu Nr. 64, Sangeorgiu de Mures, 659789",0741 609 659,54:bd:cc:0f:70:dc,125.21.145.246,RO74NKLC4236814499850434,2024-09-14 12:04:17,12370,995,539,682450,e080775e-4e9f-413d-8593-b19099f5af52
Fabia Tabacu,fabiatabacu,fabiatabacu@acasa.ro,2210322348317,1933-09-14,"Bulevardul Silvana Tudor Nr. 56, Galati, 142274",0739 895 107,e6:0f:d9:31:84:79,155.254.7.246,RO11LWNZ2679289732630087,2024-09-14 12:04:17,29966,181,88,1600408,d5aabba8-c989-4165-8b5a-5dab2a56a1ca
Vasile Dochioiu,vasiledochioiu,vasiledochioiu@zzup.ro,1440105405101,1942-09-23,"Drumul Stănescu, Gilau, 386786",0749 835 414,26:48:c6:ff:4b:63,178.129.122.51,RO53RDSG6238729548455193,2024-09-14 12:04:17,10935,691,193,935010,e5498b01-eeff-456b-8914-01a523c34405
Pamela Dobre,pameladobre,pameladobre@141.ro,7150314074331,2021-11-20,"Aleea Popescu, Feldru, 206620",0264 987 547,78:35:1e:b2:da:62,125.213.25.139,RO13STEH3387996924060177,2024-09-14 12:04:17,5938,547,403,501777,383663d8-31bf-4e84-b774-81f816a951fa
Denis Suciu,denissuciu,denissuciu@gmail.com,8420921328841,2005-01-01,"Bulevardul Nicușor Nistor Nr. 325, Fagaras, 140174",0711 541 747,b4:e7:52:52:da:5d,196.186.141.155,RO13WWEY8498907382593810,2024-09-14 12:04:17,1042,402,366,1676292,d2e99aac-4cb9-4371-913b-8fa683134f8b
Camil Suciu,camilsuciu,camilsuciu@gmail.com,8720118333411,1939-04-03,"Drumul Dochioiu Nr. 775, Slobozia, 682772",0753 881 203,38:82:89:01:ed:32,105.24.73.251,RO04WQNX6107648874022080,2024-09-14 12:04:17,24506,544,718,595107,365d1893-0a85-414b-b67e-6044d9d3b0cd
Sanda Georgescu,sandageorgescu,sandageorgescu@email.ro,7740416304171,2013-11-16,"Soseaua Suciu Nr. 61, Mioveni, 586150",0231 451 475,3c:ab:50:c5:6a:e6,172.176.208.107,RO70WYBJ8758396205101595,2024-09-14 12:04:17,26043,54,639,1201450,ab0e4adc-681c-4a87-a3be-03d0759e3e71
Ligia Voinea,ligiavoinea,ligiavoinea@acasa.ro,4830724200122,1953-12-30,"Intrarea Ene Nr. 23 Bl. 78  Sc. 47 Ap. 583, Valea Mare (Babeni), 394240",0268 338 587,ba:b6:3a:4b:35:db,162.136.146.56,RO59WGXY8058478307896753,2024-09-14 12:04:17,17172,703,247,519181,cab4a31e-f032-4434-8fe0-75db077fcbfd
Eugen Tomescu,eugentomescu,eugentomescu@gmail.com,1030405013251,1928-11-22,"Soseaua Cristea, Breaza de Sus, 296434",0754 197 209,64:eb:89:73:d4:a9,174.38.101.231,RO34QHVK9608363742692323,2024-09-14 12:04:17,4098,480,667,713303,3ecd69d1-558a-4b26-bba3-70565c903ca4
Gabriel Ene,gabrielene,gabrielene@kappa.ro,2430216261657,2009-01-31,"Bulevardul Aanei, Petrosani, 177579",0711 027 278,62:01:c9:f7:0c:a6,185.164.99.188,RO29GPLF5947858089295324,2024-09-14 12:04:17,12140,382,267,1622993,bee28ef6-3d03-4510-983b-bc90bd210ef8
Zaharia Stancu,zahariastancu,zahariastancu@acasa.ro,1610922028816,1944-07-04,"Intrarea Popescu, Vicovu de Jos, 547772",0744 374 303,d0:24:b9:7a:84:e2,146.218.122.176,RO06ITLX9299344163374570,2024-09-14 12:04:17,2724,150,674,1160457,82b8a2a8-a901-4cbb-8896-0cc5cb0d5fdb
Vladimir Aanei,vladimiraanei,vladimiraanei@acasa.ro,8501007523325,2014-04-10,"Soseaua Diaconu Nr. 11, Tunari, 230472",0753 827 297,be:c0:8c:e6:82:d5,39.6.94.9,RO07OSDH6451736415597387,2024-09-14 12:04:17,29765,407,184,1773469,3687adfd-6354-4166-974e-e85ef34782a1
Anemona Nistor,anemonanistor,anemonanistor@acasa.ro,1310818406347,2013-11-02,"Strada Preda Nr. 63 Bl. 98  Sc. 76 Ap. 624, Sighisoara, 496856",0760 612 600,48:af:03:a9:18:3c,4.48.145.42,RO44JSHX8827186501171521,2024-09-14 12:04:17,24543,438,302,1419402,9d3db782-b28d-46ac-ac7b-72752bc5d6d1
Sidonia Stan,sidoniastan,sidoniastan@kappa.ro,3071115158942,1966-05-23,"Bulevardul Smaranda Dochioiu, Alesd, 461936",0772 896 616,ea:aa:34:c7:06:a9,187.127.26.3,RO83KVCR1914079581441987,2024-09-14 12:04:17,23070,441,776,1489197,6a15f81b-cab3-423f-86f7-eca4dfcf51b8
Jean Nistor,jeannistor,jeannistor@141.ro,2791104052841,1943-12-31,"Soseaua Dochioiu Nr. 44 Bl. 89  Sc. 84 Ap. 317, Corabia, 163688",0768 859 594,9e:1b:d5:44:71:2d,147.118.130.165,RO93BBXI4997055258825442,2024-09-14 12:04:17,29810,319,51,1676200,3915f866-7c97-4868-b8f7-a1d06b8430d6
Rozalia Mazilescu,rozaliamazilescu,rozaliamazilescu@acasa.ro,3460915406220,1930-06-30,"Aleea Diaconu Nr. 701, Giarmata, 836629",0747 186 725,d0:77:ac:09:79:17,155.54.30.248,RO48LCBH0891039732148965,2024-09-14 12:04:17,9020,770,243,1903137,5a995056-fea5-46ee-8af6-401282baadb7
Luiza Ardelean,luizaardelean,luizaardelean@zzup.ro,3490120511482,2005-09-04,"Aleea Ardelean Nr. 50 Bl. 56  Sc. 48 Ap. 421, Dragalina, 635096",0255 113 900,d2:33:c6:2e:d8:01,61.33.41.220,RO92KXRL4397061646023550,2024-09-14 12:04:17,8692,987,370,1030364,0bf37516-be11-43c1-9b00-07119e276111
Iustinian Popa,iustinianpopa,iustinianpopa@zzup.ro,4660320444669,1919-11-27,"Drumul Iosefina Ioniță, Valea Mare (Babeni), 947438",0721 979 063,46:38:dc:60:f3:ab,175.90.198.30,RO33EGGZ7295534571527145,2024-09-14 12:04:17,28254,990,168,1362015,d14adfda-521b-4f4f-b82a-0f6f7bd77bc7
Floriana Ionescu,florianaionescu,florianaionescu@email.ro,8370626457235,2002-09-18,"Soseaua Albu, Bumbesti-Jiu, 429682",0244 866 976,9c:4c:d4:d8:f6:3d,69.240.58.1,RO90EMFG3383052005289006,2024-09-14 12:04:17,27877,587,124,516612,e553c1c3-8dba-4579-8b3a-b81a7e8828e6
Oliviu Tabacu,oliviutabacu,oliviutabacu@zzup.ro,8810130200134,1956-01-23,"Aleea Dragoș Marin Nr. 22 Bl. 31  Sc. 73 Ap. 419, Uricani, 763495",0247 105 811,1a:88:20:de:82:93,178.11.209.88,RO75OYAW8634394604481476,2024-09-14 12:04:17,1869,491,750,682310,d81c36e7-d866-4a1d-8772-684b9ebc3289
Ruxandra Dochioiu,ruxandradochioiu,ruxandradochioiu@zzup.ro,5281031417153,1961-08-25,"Soseaua Dima Nr. 30 Bl. 10  Sc. 26 Ap. 458, Maieru, 232727",0769 669 356,a8:e7:c1:2e:a4:83,121.200.158.142,RO88HDZW9032907426035551,2024-09-14 12:04:17,29383,149,432,1974164,f589694b-bdf4-4d31-b1d6-62a1017bef87
Axenia Stănescu,axeniastănescu,axeniastănescu@gmail.com,5150213188945,1980-03-09,"Drumul Aanei Nr. 70, Targu Ocna, 561522",0771 827 142,40:df:2f:ad:90:48,118.102.55.100,RO91DUAU5862790599368045,2024-09-14 12:04:17,24842,787,344,1472021,3a4970ff-34e5-4cf0-82ef-83bc6bf55f76
Eftimia Albu,eftimiaalbu,eftimiaalbu@acasa.ro,5970506371056,1986-05-25,"Soseaua Ana Manole Nr. 353, Victoria, 442680",0726 716 404,b4:a3:fa:a9:8b:0d,205.197.181.173,RO22PLWH3427469040081980,2024-09-14 12:04:17,8812,914,475,916806,559eea48-e2d5-4ddc-af6d-9fd83b4dc4f6
Iosif Tudor,iosiftudor,iosiftudor@gmail.com,6621206380221,1924-08-04,"Bulevardul Dinu Nr. 554, Paunesti, 776954",0740 556 174,82:9b:d6:a4:f9:77,5.242.217.152,RO47PAHX2383942759253611,2024-09-14 12:04:17,34797,814,189,1152429,db124658-6b7f-43c3-86a3-9ac8ab29edc6
Corvin Ioniță,corvinioniță,corvinioniță@141.ro,5290804437877,2006-12-15,"Soseaua Roxelana Ardelean Nr. 69, Lugoj, 439778",0766 874 366,a2:25:21:ca:ac:dc,208.101.83.127,RO32VPVI2752139320141784,2024-09-14 12:04:17,21925,445,66,1101891,ffb11cf9-f9f1-4892-9829-1a8c665ae6d0
Haralambie Oprea,haralambieoprea,haralambieoprea@post.ro,8630407056113,2003-12-12,"Strada Tabacu Nr. 160 Bl. 55  Sc. 98 Ap. 770, Matca, 800492",0759 074 765,70:6c:3b:b6:56:f2,165.87.132.132,RO97JXXJ1504342037606167,2024-09-14 12:04:17,15507,474,699,1560569,6d05c800-45e3-4ca7-8ba1-e4c40538f562
Semenica Tomescu,semenicatomescu,semenicatomescu@kappa.ro,6741018303196,1942-01-13,"Soseaua Pușcașu, Pucioasa, 854475",0262 603 521,2a:ca:1e:9f:32:e4,24.250.192.243,RO93OGYM3249671630281367,2024-09-14 12:04:17,29310,51,562,184709,e19ff0dc-3559-4308-b592-8fd3006a956e
Alin Tomescu,alintomescu,alintomescu@email.ro,1230313207153,1963-12-27,"Bulevardul Tabacu, 1 Decembrie, 768847",0731 965 858,02:49:42:f3:41:16,188.129.104.231,RO32WCQK0793423259849793,2024-09-14 12:04:17,9737,418,324,1119148,34e5d9aa-4711-4f7a-b9c1-0d2b8ee3970d
Giorgian Tomescu,giorgiantomescu,giorgiantomescu@gmail.com,5940308456809,1994-07-22,"Strada Albu Nr. 475 Bl. 89  Sc. 81 Ap. 742, Deta, 318888",0725 803 456,70:25:f2:aa:a5:81,53.194.150.118,RO41NDKQ5365521156493239,2024-09-14 12:04:17,10960,903,126,1490474,e330f7cf-a6c1-4bf0-8627-1b2179ca07cc
Coralia Dumitrescu,coraliadumitrescu,coraliadumitrescu@kappa.ro,7530512019707,1911-10-08,"Soseaua Voinea, Dabuleni, 323482",0751 069 872,9e:06:43:9b:62:a4,158.245.240.6,RO11SVMT5530091379561874,2024-09-14 12:04:17,20020,350,522,1104895,69c7bbda-c0d7-40e4-9674-eb2dd0fc28f6
Daiana Eftimie,daianaeftimie,daianaeftimie@kappa.ro,2020431088445,1962-04-01,"Drumul Marta Ionescu Nr. 854, Targu Jiu, 420897",0239 510 744,7a:11:f0:cf:15:be,88.27.54.136,RO85KZIL8896283177946865,2024-09-14 12:04:17,22086,482,112,62092,9cd622f0-a5bc-46fc-99fa-c114221a0912
Romeo Cristea,romeocristea,romeocristea@post.ro,3730523519543,1996-07-10,"Intrarea Ababei, Rasinari, 636758",0263 791 059,18:93:fa:ec:46:08,156.40.105.72,RO24QQXT8077135439141550,2024-09-14 12:04:17,23539,343,244,904361,0ebf90f2-4684-4987-ab9f-42104958feaf
Carmen Stoica,carmenstoica,carmenstoica@141.ro,4240213024137,1977-11-01,"Intrarea Marin Nr. 419 Bl. 69  Sc. 82 Ap. 358, Beius, 786534",0245 493 694,7c:1e:ad:98:42:02,7.32.24.18,RO89MVGE9573374226795890,2024-09-14 12:04:17,16982,23,327,1039099,3da9033d-0f79-4bdd-b8b4-d5fcb18201e0
Suzana Suciu,suzanasuciu,suzanasuciu@acasa.ro,2080111170613,1991-08-04,"Intrarea Marin, Berceni, 529910",0265 904 240,d2:22:92:85:73:be,17.164.75.197,RO97TSYX3572100648291896,2024-09-14 12:04:17,31061,888,665,175104,8bfa66b8-dc15-42a0-8723-fa3083823eb3
Maximilian Pop,maximilianpop,maximilianpop@zzup.ro,2771027010696,1958-04-14,"Bulevardul Niță Nr. 750, Ramnicu Sarat, 932181",0744 996 324,e4:13:84:fe:0c:83,24.251.48.14,RO69JKXB8975808044870470,2024-09-14 12:04:17,13236,550,294,24738,2296e1f5-2f37-44ca-bafd-3b45c62cc30a
Florina Dumitrescu,florinadumitrescu,florinadumitrescu@kappa.ro,2620329162891,1951-07-16,"Strada Popescu, Sighisoara, 967304",0734 371 980,e6:72:0f:f1:57:05,60.9.186.189,RO82ABDA9433829339244734,2024-09-14 12:04:17,17072,923,608,1681651,ff569a0b-7297-4c52-afe0-78be7c60912b
Dorinel Marin,dorinelmarin,dorinelmarin@acasa.ro,6210501469521,1913-06-05,"Soseaua Mazilescu Nr. 843 Bl. 71  Sc. 15 Ap. 805, Beclean, 842224",0763 595 688,a8:68:d7:9c:e8:49,173.11.61.166,RO86XSYJ9116691545276545,2024-09-14 12:04:17,34054,783,681,1631849,1ce8ad8b-6800-452c-93e7-19d0a587fc0e
Gelu Stănescu,gelustănescu,gelustănescu@gmail.com,1820603173879,1981-09-08,"Intrarea Cristea, Navodari, 544068",0752 923 999,d4:af:97:df:ca:c0,93.230.231.76,RO38LZXB5194974518972785,2024-09-14 12:04:17,13239,815,157,1476119,dec5b2e6-21b7-4c0b-ae2e-4b327d3b2a60
Carla Tomescu,carlatomescu,carlatomescu@141.ro,2290822076075,1919-05-27,"Intrarea Rozalia Gheorghiu, Miercurea-Ciuc, 961958",0736 552 642,28:28:00:34:20:d9,179.178.18.170,RO12ALKU5948053762037630,2024-09-14 12:04:17,31538,717,166,330201,17d5151a-2406-4650-a749-3a6f66d94530
Silvia Popescu,silviapopescu,silviapopescu@zzup.ro,1811104287437,2011-06-03,"Strada Ion Barbu Nr. 833 Bl. 10  Sc. 99 Ap. 759, Berceni, 810937",0263 481 822,6e:9f:00:d6:32:8f,134.70.133.97,RO29TIGF0044345542125478,2024-09-14 12:04:17,20668,96,392,434953,e43dafcf-48bb-4b39-98a8-0faf8888a121
Carla Ioniță,carlaioniță,carlaioniță@kappa.ro,8970120305381,1970-01-25,"Aleea Dumitrana Voinea Nr. 669, Ruscova, 714255",0249 941 951,fc:df:47:3b:44:2e,155.191.157.225,RO72MCDV1863233780357817,2024-09-14 12:04:17,25433,834,457,1435535,60a97625-7616-4de1-a62a-0d09deb16aa0
Luciana Georgescu,lucianageorgescu,lucianageorgescu@141.ro,8240215088122,1923-08-29,"Drumul Ghiță Niță, Gilau, 789320",0734 535 860,36:95:dd:c5:38:eb,206.223.59.18,RO06IOLH2640549374843262,2024-09-14 12:04:17,33326,161,293,319259,09c1939a-4168-452f-87b0-7c6dd242ce36
Georgiana Mazilescu,georgianamazilescu,georgianamazilescu@141.ro,2130619220393,1973-02-16,"Aleea Eric Stancu Nr. 538 Bl. 93  Sc. 20 Ap. 209, Horodnic de Sus, 543245",0233 496 613,12:79:b6:b6:3a:04,145.49.133.196,RO49SDFX7129939244903554,2024-09-14 12:04:17,26228,99,335,731177,3f20acdc-9268-43db-9102-2f3552cd99b4
Silviana Tabacu,silvianatabacu,silvianatabacu@kappa.ro,6880602291386,1958-12-01,"Bulevardul Tudor Nr. 34 Bl. 47  Sc. 29 Ap. 982, Siret, 135693",0722 794 244,ae:49:87:9a:85:38,140.147.26.186,RO81ANJD6261361257230247,2024-09-14 12:04:17,4479,351,567,338659,001f2660-935d-453b-bd09-0e77b306e766
Dacian Barbu,dacianbarbu,dacianbarbu@141.ro,1680826121118,2016-02-22,"Drumul Stan Nr. 950, Alba Iulia, 992917",0262 495 901,ea:7d:c8:88:39:59,153.5.177.159,RO33DIUC6144818769460530,2024-09-14 12:04:17,9078,735,261,1726954,b6353dee-d74d-4414-83e9-0cff25f73460
Anghel Stoica,anghelstoica,anghelstoica@post.ro,1901009130706,1920-10-16,"Strada Ioniță, Chitila, 444021",0749 301 503,6e:21:b0:fe:43:e0,182.139.94.238,RO46BOJU3458014644750979,2024-09-14 12:04:17,10334,423,768,367117,d03d662f-423e-4ed0-a1a9-c208dad109f0
Zaraza Popa,zarazapopa,zarazapopa@kappa.ro,5500413378172,2010-02-09,"Intrarea Manole Nr. 49 Bl. 76  Sc. 19 Ap. 628, Babeni, 518083",0737 204 463,44:50:a2:77:d0:01,116.210.150.191,RO89JTGO0610700001354380,2024-09-14 12:04:17,35354,253,760,975096,2428a227-1ebc-4c9f-9ea4-ae00470fd4ed
Anastasia Georgescu,anastasiageorgescu,anastasiageorgescu@141.ro,2180616072434,1989-02-06,"Aleea Tudor Nr. 15, Ruscova, 462227",0234 109 131,e4:c3:20:82:c5:a5,34.147.191.12,RO27YPMQ8446358948765560,2024-09-14 12:04:17,11557,173,223,1909741,4bdbc120-c047-467c-93d3-d03bde1979d2
Todor Mocanu,todormocanu,todormocanu@gmail.com,7881105118047,1933-01-31,"Bulevardul Ruxandra Stancu Nr. 94, Dorohoi, 408285",0770 723 571,dc:d4:dd:ad:af:7d,33.32.36.84,RO41MFUW1490353113992306,2024-09-14 12:04:17,20583,209,689,729757,3433fe40-138c-4f93-a196-f56196bc12fb
Nicoară Ionescu,nicoarăionescu,nicoarăionescu@email.ro,1560404095484,1995-03-16,"Aleea Ștefana Dima, Magurele, 779080",0763 999 213,76:79:9c:8f:59:c0,197.171.65.34,RO27WKLW2095444560616949,2024-09-14 12:04:17,9550,363,789,1739278,139482d4-0cc9-43d0-a0df-6f3668afee9c
Dora Stan,dorastan,dorastan@gmail.com,4121127062790,1987-07-11,"Intrarea Mazilescu Nr. 59, Miercurea-Ciuc, 711415",0256 180 441,aa:2a:b8:fe:c6:d3,97.94.49.218,RO55QYMH5109094337221153,2024-09-14 12:04:17,22436,218,34,1018117,35c35474-afc9-45ef-a9ea-6c93d75b630a
Ion Ioniță,ionioniță,ionioniță@email.ro,7201208321604,1944-04-06,"Bulevardul Stancu Nr. 98, Lipova, 959932",0727 617 571,9a:ab:ea:b8:3e:b6,69.126.59.149,RO37TJLA1446836579964847,2024-09-14 12:04:17,33523,970,126,639049,0be9a97a-85c4-4841-840c-c44896f107c6
Ruxandra Dumitrescu,ruxandradumitrescu,ruxandradumitrescu@post.ro,8300110181251,1974-02-03,"Bulevardul Ardelean Nr. 626, Stei, 195631",0722 419 122,b0:43:ac:5d:2e:09,98.220.52.125,RO02YXOR1768783362115520,2024-09-14 12:04:17,32403,232,143,1127537,575b7a02-3da2-4dd2-aea2-3fe7866044e9
Cosmina Ioniță,cosminaioniță,cosminaioniță@141.ro,5060224266951,1949-08-14,"Bulevardul Stancu Nr. 39, Greci, 777370",0751 398 212,16:35:8b:1e:b0:bd,114.36.81.0,RO07ZUYM4816275140430752,2024-09-14 12:04:17,22787,506,568,441364,c2b4ebe9-3df0-4da0-8ef6-9fed39e4bb4c
Mona Stancu,monastancu,monastancu@kappa.ro,4230910399991,1940-07-08,"Aleea Popescu Nr. 15, Focsani, 338965",0247 316 069,f2:f6:c8:07:77:27,219.132.64.130,RO40IAGQ9407976059034372,2024-09-14 12:04:17,159,671,765,1342518,0d2655ec-d2bb-4dab-9c89-60f20732d808
Ina Stoica,inastoica,inastoica@zzup.ro,2950312268140,1994-04-09,"Drumul Gabriel Florea Nr. 61 Bl. 52  Sc. 52 Ap. 280, Curtea de Arges, 121607",0740 233 998,94:2f:b1:63:51:19,63.158.164.120,RO18IZRX0814282623095128,2024-09-14 12:04:17,19520,309,385,1727758,51c24378-3fbe-43f3-8e55-dddafa1d1cda
Cristian Stan,cristianstan,cristianstan@acasa.ro,1580810111876,1982-06-28,"Intrarea Mihai Florea Nr. 54, Targoviste, 811265",0754 763 969,0a:19:8c:27:6f:bf,200.245.196.143,RO10NKUH4858056897346200,2024-09-14 12:04:17,27963,923,378,1354955,e9957151-bdc0-438f-9753-13a062fa8a91
Arian Dinu,ariandinu,ariandinu@141.ro,4200305417724,1928-09-20,"Strada Dima Nr. 915 Bl. 86  Sc. 58 Ap. 775, Fieni, 299681",0241 161 012,ba:e2:85:2a:79:a3,210.90.98.133,RO71DXOL8084999622719994,2024-09-14 12:04:17,19859,118,385,1480595,3e43c0e3-6929-40e5-b697-97c64635b15b
Arina Tabacu,arinatabacu,arinatabacu@acasa.ro,1810706304135,1955-02-14,"Aleea Dochioiu Nr. 715 Bl. 67  Sc. 44 Ap. 683, Afumati, 540901",0235 924 458,7c:3e:90:93:60:3e,87.77.164.178,RO18BQLV4943480669310449,2024-09-14 12:04:17,32584,4,567,696425,3ab51b64-0ada-4053-8e1e-5d99e3010aba
Sidonia Suciu,sidoniasuciu,sidoniasuciu@post.ro,1010508157186,1928-04-15,"Aleea Florea Nr. 902, Harlau, 844294",0724 261 745,6a:0e:97:6f:df:9c,171.31.229.165,RO83ZMDB1782356000974215,2024-09-14 12:04:17,15969,826,586,1935256,bf0cd5f8-26d0-40ca-aa76-705e639be768
Zamfira Preda,zamfirapreda,zamfirapreda@kappa.ro,5560822440513,1923-11-09,"Strada Pop, Vlahita, 556263",0245 854 479,00:62:b2:a2:14:31,91.90.153.19,RO32ITIQ4681117721094052,2024-09-14 12:04:17,27507,638,27,433167,206bd2af-6739-4f42-879c-2b786ee8fba9
Manole Dima,manoledima,manoledima@post.ro,6701108380338,1977-06-15,"Drumul Astrid Ene, Domnesti, 230242",0255 167 808,f8:31:fc:3b:b6:d8,136.48.65.76,RO13PHJW8224748656338359,2024-09-14 12:04:17,15367,814,643,1093947,a2d74aa9-d90a-48c3-bf7a-2a57600a718d
Iustinian Tudor,iustiniantudor,iustiniantudor@zzup.ro,2960317248033,1961-02-08,"Soseaua Smaranda Niță Nr. 39 Bl. 27  Sc. 12 Ap. 314, Borcea, 711192",0263 622 472,b2:21:76:8d:38:fa,135.47.14.93,RO14KBXR5619738861837152,2024-09-14 12:04:17,4465,49,788,425699,d0398f07-f696-4ba3-ba3f-1197bb870807
Eftimia Marin,eftimiamarin,eftimiamarin@kappa.ro,3150415359492,1961-06-18,"Drumul Niță Nr. 86, Corund, 774087",0786 259 609,ce:96:cf:8f:d4:0f,138.69.15.3,RO74WHLH0220474470085501,2024-09-14 12:04:17,31444,227,37,988390,4addb949-0ae3-4106-b39b-7baf9b7f8b92
Venera Pop,venerapop,venerapop@email.ro,5130122118197,1925-07-09,"Aleea Mocanu Nr. 664 Bl. 65  Sc. 86 Ap. 266, Mangalia, 475228",0728 518 288,52:5f:e0:4a:cb:86,11.142.73.15,RO59JYAH9480182226399151,2024-09-14 12:04:17,7235,273,579,1135699,f986d4c1-c133-45b1-b789-07af5aad2bed
Floarea Gheorghiu,floareagheorghiu,floareagheorghiu@kappa.ro,2110329045249,2015-04-13,"Strada Romeo Tomescu Nr. 468 Bl. 62  Sc. 44 Ap. 415, Adjud, 961756",0771 071 214,0e:46:45:f7:5f:f6,114.27.9.160,RO95PBCN0744437574956538,2024-09-14 12:04:17,546,231,257,815978,0c8c43f8-9865-4de0-9945-68419a4b33ab
Ivona Nistor,ivonanistor,ivonanistor@141.ro,8670803365207,2012-05-12,"Drumul Augustina Barbu, Oravita, 180660",0756 733 665,b6:47:77:0d:81:4c,83.219.203.96,RO84UUKG7765781542762911,2024-09-14 12:04:17,33415,328,279,1689081,8555fac3-b0f7-479b-a9f1-0ff64dde64a5
Adelina Preda,adelinapreda,adelinapreda@email.ro,8950804529365,1995-03-05,"Bulevardul Pompilia Tomescu Nr. 450 Bl. 43  Sc. 87 Ap. 158, Cisnadie, 126285",0742 043 810,3c:8b:28:d2:40:64,78.140.20.38,RO95ANKL2228015433671842,2024-09-14 12:04:17,19429,729,336,1822876,66cb4485-d23a-456d-a389-88b107cbb4eb
Victor Stoica,victorstoica,victorstoica@acasa.ro,5691001377379,1997-11-08,"Intrarea Aanei Nr. 64 Bl. 80  Sc. 73 Ap. 220, Modelu, 923951",0757 965 476,9e:fc:80:1e:fe:d1,198.224.178.69,RO39PJII5981742774511987,2024-09-14 12:04:17,15103,702,161,345006,57304e5e-d65e-462a-bb02-b7615e489e71
